SampleName,Marker,Allele1,Allele2,Allele3,Allele4,Allele5,Allele6,Allele7,Allele8,Height1,Height2,Height3,Height4,Height5,Height6,Height7,Height8
D06_RD14-0003-39d4I15-0.03125GF-Q0.4_04.15sec.hid,AMEL,X,Y,,,,,,,319,604,,,,,,
D06_RD14-0003-39d4I15-0.03125GF-Q0.4_04.15sec.hid,CSF1PO,10,12,15,7.3,9,,,,375,246,6,4,15,,,
D06_RD14-0003-39d4I15-0.03125GF-Q0.4_04.15sec.hid,D10S1248,12,13,14,18,19,,,,18,210,389,17,18,,,
D06_RD14-0003-39d4I15-0.03125GF-Q0.4_04.15sec.hid,D12S391,14,15,17,18,20,,,,6,13,27,422,228,,,
D06_RD14-0003-39d4I15-0.03125GF-Q0.4_04.15sec.hid,D13S317,10,11,12,9,,,,,764,27,358,33,,,,
D06_RD14-0003-39d4I15-0.03125GF-Q0.4_04.15sec.hid,D16S539,13,14,7,8,9,,,,337,11,9,12,294,,,
D06_RD14-0003-39d4I15-0.03125GF-Q0.4_04.15sec.hid,D18S51,11,12,13,20,23.2,,,,15,52,616,391,14,,,
D06_RD14-0003-39d4I15-0.03125GF-Q0.4_04.15sec.hid,D19S433,11.2,12,13,14,17.2,17,8,,6,13,200,224,9,2,8,
D06_RD14-0003-39d4I15-0.03125GF-Q0.4_04.15sec.hid,D1S1656,12,13,15.3,16.3,,,,,78,982,30,344,,,,
D06_RD14-0003-39d4I15-0.03125GF-Q0.4_04.15sec.hid,D21S11,28.2,29,30,,,,,,14,46,258,,,,,
D06_RD14-0003-39d4I15-0.03125GF-Q0.4_04.15sec.hid,D22S1045,13,14,15,,,,,,34,587,192,,,,,
D06_RD14-0003-39d4I15-0.03125GF-Q0.4_04.15sec.hid,D2S1338,15,16,18,19,20,,,,33,601,23,327,13,,,
D06_RD14-0003-39d4I15-0.03125GF-Q0.4_04.15sec.hid,D2S441,13,14,15,,,,,,36,920,9,,,,,
D06_RD14-0003-39d4I15-0.03125GF-Q0.4_04.15sec.hid,D3S1358,15,16,17,19,20.1,,,,36,488,44,9,11,,,
D06_RD14-0003-39d4I15-0.03125GF-Q0.4_04.15sec.hid,D5S818,11,12,13,,,,,,36,678,286,,,,,
D06_RD14-0003-39d4I15-0.03125GF-Q0.4_04.15sec.hid,D7S820,11,12,9,,,,,,27,364,388,,,,,
D06_RD14-0003-39d4I15-0.03125GF-Q0.4_04.15sec.hid,D8S1179,10,11,12,13,9,,,,338,26,30,392,26,,,
D06_RD14-0003-39d4I15-0.03125GF-Q0.4_04.15sec.hid,FGA,16.1,18.2,21.2,22.2,22,28,47.2,49.2,4,12,23,180,47,13,6,7
D06_RD14-0003-39d4I15-0.03125GF-Q0.4_04.15sec.hid,SE33,12.2,14,15,16,20,26.2,29,6,14,11,147,322,10,13,14,14
D06_RD14-0003-39d4I15-0.03125GF-Q0.4_04.15sec.hid,TH01,13.3,5,6,9.3,,,,,8,13,342,385,,,,
D06_RD14-0003-39d4I15-0.03125GF-Q0.4_04.15sec.hid,TPOX,10,11,12,8,,,,,17,319,6,164,,,,
D06_RD14-0003-39d4I15-0.03125GF-Q0.4_04.15sec.hid,vWA,19,,,,,,,,30,,,,,,,
D06_RD14-0003-39d4I15-0.03125GF-Q0.4_04.15sec.hid,DYS391,10,,,,,,,,420,,,,,,,
D06_RD14-0003-39d4I15-0.03125GF-Q0.4_04.15sec.hid,Yindel,2,,,,,,,,349,,,,,,,
