SampleName,Marker,Allele1,Allele2,Allele3,Allele4,Allele5,Allele6,Allele7,Allele8,Allele9,Allele10,Allele11,Height1,Height2,Height3,Height4,Height5,Height6,Height7,Height8,Height9,Height10,Height11
F01_RD14-0003-25d3a-0.03125GF-Q1.2_06.15sec.hid,AMEL,X,Y,,,,,,,,,,228,41,,,,,,,,,
F01_RD14-0003-25d3a-0.03125GF-Q1.2_06.15sec.hid,CSF1PO,10,11,12,,,,,,,,,97,7,109,,,,,,,,
F01_RD14-0003-25d3a-0.03125GF-Q1.2_06.15sec.hid,D10S1248,12,13,,,,,,,,,,176,108,,,,,,,,,
F01_RD14-0003-25d3a-0.03125GF-Q1.2_06.15sec.hid,D12S391,16,17.3,19.1,,,,,,,,,56,70,4,,,,,,,,
F01_RD14-0003-25d3a-0.03125GF-Q1.2_06.15sec.hid,D13S317,12,8,,,,,,,,,,55,332,,,,,,,,,
F01_RD14-0003-25d3a-0.03125GF-Q1.2_06.15sec.hid,D16S539,12,8,9,,,,,,,,,85,5,136,,,,,,,,
F01_RD14-0003-25d3a-0.03125GF-Q1.2_06.15sec.hid,D18S51,12.3,12,13.2,13,14,16.1,16.2,19,20,21.2,24,13,74,7,17,183,6,10,21,80,10,8
F01_RD14-0003-25d3a-0.03125GF-Q1.2_06.15sec.hid,D19S433,11.2,12,13,16,,,,,,,,4,14,216,5,,,,,,,
F01_RD14-0003-25d3a-0.03125GF-Q1.2_06.15sec.hid,D1S1656,11,15.3,15,16.3,20,21,,,,,,7,19,270,299,7,5,,,,,
F01_RD14-0003-25d3a-0.03125GF-Q1.2_06.15sec.hid,D21S11,25.3,27,29,30.3,30,,,,,,,106,11,168,10,169,,,,,,
F01_RD14-0003-25d3a-0.03125GF-Q1.2_06.15sec.hid,D22S1045,12,15,16,17,,,,,,,,5,37,168,116,,,,,,,
F01_RD14-0003-25d3a-0.03125GF-Q1.2_06.15sec.hid,D2S1338,12,13,18,19,20,,,,,,,9,13,30,356,224,,,,,,
F01_RD14-0003-25d3a-0.03125GF-Q1.2_06.15sec.hid,D2S441,11,14,,,,,,,,,,103,235,,,,,,,,,
F01_RD14-0003-25d3a-0.03125GF-Q1.2_06.15sec.hid,D3S1358,15,16,17,18,20.1,20,,,,,,23,404,4,6,6,3,,,,,
F01_RD14-0003-25d3a-0.03125GF-Q1.2_06.15sec.hid,D5S818,10,8,,,,,,,,,,188,201,,,,,,,,,
F01_RD14-0003-25d3a-0.03125GF-Q1.2_06.15sec.hid,D7S820,10,11,12,5,6,9,,,,,,356,85,339,12,10,14,,,,,
F01_RD14-0003-25d3a-0.03125GF-Q1.2_06.15sec.hid,D8S1179,12,13,16,6,8,,,,,,,44,806,17,12,10,,,,,,
F01_RD14-0003-25d3a-0.03125GF-Q1.2_06.15sec.hid,FGA,16,20.2,21.2,23.2,24,25,30,,,,,3,7,133,4,5,52,7,,,,
F01_RD14-0003-25d3a-0.03125GF-Q1.2_06.15sec.hid,SE33,10.2,13.2,14.2,14,25.2,26.2,28,34,4.2,6,,11,32,235,15,15,167,3,8,9,10,
F01_RD14-0003-25d3a-0.03125GF-Q1.2_06.15sec.hid,TH01,10.3,13.3,8,9,,,,,,,,4,4,98,53,,,,,,,
F01_RD14-0003-25d3a-0.03125GF-Q1.2_06.15sec.hid,TPOX,11,15,9,,,,,,,,,73,6,147,,,,,,,,
F01_RD14-0003-25d3a-0.03125GF-Q1.2_06.15sec.hid,vWA,11,16,18.2,19,20,24,,,,,,4,74,6,9,105,5,,,,,
F01_RD14-0003-25d3a-0.03125GF-Q1.2_06.15sec.hid,DYS391,10,14,,,,,,,,,,74,8,,,,,,,,,
F01_RD14-0003-25d3a-0.03125GF-Q1.2_06.15sec.hid,Yindel,1,2,,,,,,,,,,11,250,,,,,,,,,
