SampleName,Marker,Allele1,Allele2,Allele3,Allele4,Allele5,Allele6,Allele7,Allele8,Allele9,Allele10,Allele11,Height1,Height2,Height3,Height4,Height5,Height6,Height7,Height8,Height9,Height10,Height11
F02_RD14-0003-43d3-15-0.03125GF-Q1.1_06.15sec.hid,AMEL,X,Y,,,,,,,,,,477,380,,,,,,,,,
F02_RD14-0003-43d3-15-0.03125GF-Q1.1_06.15sec.hid,CSF1PO,10,,,,,,,,,,,44,,,,,,,,,,
F02_RD14-0003-43d3-15-0.03125GF-Q1.1_06.15sec.hid,D10S1248,12,13,,,,,,,,,,252,412,,,,,,,,,
F02_RD14-0003-43d3-15-0.03125GF-Q1.1_06.15sec.hid,D12S391,17,18,20.3,20,,,,,,,,95,437,18,16,,,,,,,
F02_RD14-0003-43d3-15-0.03125GF-Q1.1_06.15sec.hid,D13S317,10,11,12,15,,,,,,,,27,563,178,9,,,,,,,
F02_RD14-0003-43d3-15-0.03125GF-Q1.1_06.15sec.hid,D16S539,10,11,9,,,,,,,,,409,9,34,,,,,,,,
F02_RD14-0003-43d3-15-0.03125GF-Q1.1_06.15sec.hid,D18S51,12,17,18,19,24,,,,,,,17,32,242,24,13,,,,,,
F02_RD14-0003-43d3-15-0.03125GF-Q1.1_06.15sec.hid,D19S433,13.2,14,,,,,,,,,,121,78,,,,,,,,,
F02_RD14-0003-43d3-15-0.03125GF-Q1.1_06.15sec.hid,D1S1656,13,14,18.3,,,,,,,,,32,258,10,,,,,,,,
F02_RD14-0003-43d3-15-0.03125GF-Q1.1_06.15sec.hid,D21S11,26,27,28,29.1,29,31,39,,,,,28,276,56,14,317,6,13,,,,
F02_RD14-0003-43d3-15-0.03125GF-Q1.1_06.15sec.hid,D22S1045,10,12,14,19,7,8,9,,,,,17,427,303,14,19,14,17,,,,
F02_RD14-0003-43d3-15-0.03125GF-Q1.1_06.15sec.hid,D2S1338,15,18,19,21,22,,,,,,,20,26,319,78,554,,,,,,
F02_RD14-0003-43d3-15-0.03125GF-Q1.1_06.15sec.hid,D2S441,10,11,12,13.3,14,,,,,,,14,210,61,12,10,,,,,,
F02_RD14-0003-43d3-15-0.03125GF-Q1.1_06.15sec.hid,D3S1358,15,,,,,,,,,,,389,,,,,,,,,,
F02_RD14-0003-43d3-15-0.03125GF-Q1.1_06.15sec.hid,D5S818,11,12,13,,,,,,,,,363,312,12,,,,,,,,
F02_RD14-0003-43d3-15-0.03125GF-Q1.1_06.15sec.hid,D7S820,6.3,6,8,9,,,,,,,,16,9,231,101,,,,,,,
F02_RD14-0003-43d3-15-0.03125GF-Q1.1_06.15sec.hid,D8S1179,11,13,,,,,,,,,,367,165,,,,,,,,,
F02_RD14-0003-43d3-15-0.03125GF-Q1.1_06.15sec.hid,FGA,13,15,21,23.3,24.1,28.2,28,29.2,29,30,46.2,10,11,110,9,10,10,37,8,10,4,7
F02_RD14-0003-43d3-15-0.03125GF-Q1.1_06.15sec.hid,SE33,12.2,17,19.3,20,21,5,9,,,,,18,188,4,25,183,7,20,,,,
F02_RD14-0003-43d3-15-0.03125GF-Q1.1_06.15sec.hid,TH01,8,9.3,,,,,,,,,,124,299,,,,,,,,,
F02_RD14-0003-43d3-15-0.03125GF-Q1.1_06.15sec.hid,TPOX,10,11,14,7.3,8,9,,,,,,12,114,6,7,86,12,,,,,
F02_RD14-0003-43d3-15-0.03125GF-Q1.1_06.15sec.hid,vWA,13,14,17,21,,,,,,,,158,13,219,9,,,,,,,
F02_RD14-0003-43d3-15-0.03125GF-Q1.1_06.15sec.hid,DYS391,10,11,,,,,,,,,,28,233,,,,,,,,,
F02_RD14-0003-43d3-15-0.03125GF-Q1.1_06.15sec.hid,Yindel,2,,,,,,,,,,,177,,,,,,,,,,
