SampleName,Marker,Allele1,Allele2,Allele3,Allele4,Allele5,Allele6,Allele7,Allele8,Allele9,Allele10,Allele11,Height1,Height2,Height3,Height4,Height5,Height6,Height7,Height8,Height9,Height10,Height11
F01_RD14-0003-27d3a-0.03125GF-Q0.9_06.15sec.hid,AMEL,X,Y,,,,,,,,,,281,487,,,,,,,,,
F01_RD14-0003-27d3a-0.03125GF-Q0.9_06.15sec.hid,CSF1PO,10,11,12,13,,,,,,,,11,259,258,6,,,,,,,
F01_RD14-0003-27d3a-0.03125GF-Q0.9_06.15sec.hid,D10S1248,14,15,16,9,,,,,,,,315,117,13,6,,,,,,,
F01_RD14-0003-27d3a-0.03125GF-Q0.9_06.15sec.hid,D12S391,19,25,,,,,,,,,,149,94,,,,,,,,,
F01_RD14-0003-27d3a-0.03125GF-Q0.9_06.15sec.hid,D13S317,11,12,13,5,7,,,,,,,213,27,431,9,11,,,,,,
F01_RD14-0003-27d3a-0.03125GF-Q0.9_06.15sec.hid,D16S539,10,11,13,,,,,,,,,11,140,102,,,,,,,,
F01_RD14-0003-27d3a-0.03125GF-Q0.9_06.15sec.hid,D18S51,11,12,13,,,,,,,,,29,573,285,,,,,,,,
F01_RD14-0003-27d3a-0.03125GF-Q0.9_06.15sec.hid,D19S433,12,13,15.2,15,18.2,9,,,,,,10,257,4,183,3,6,,,,,
F01_RD14-0003-27d3a-0.03125GF-Q0.9_06.15sec.hid,D1S1656,12,13,14,15,16.3,17.3,20,,,,,9,10,57,864,8,8,6,,,,
F01_RD14-0003-27d3a-0.03125GF-Q0.9_06.15sec.hid,D21S11,26,29,30,31,34.1,,,,,,,14,18,219,424,11,,,,,,
F01_RD14-0003-27d3a-0.03125GF-Q0.9_06.15sec.hid,D22S1045,10,15,16,17,7,,,,,,,12,66,808,36,6,,,,,,
F01_RD14-0003-27d3a-0.03125GF-Q0.9_06.15sec.hid,D2S1338,14,19,22,,,,,,,,,10,260,268,,,,,,,,
F01_RD14-0003-27d3a-0.03125GF-Q0.9_06.15sec.hid,D2S441,10,11,12,13,15,,,,,,,19,420,348,6,8,,,,,,
F01_RD14-0003-27d3a-0.03125GF-Q0.9_06.15sec.hid,D3S1358,13,14,15,16,17.1,9,,,,,,26,544,21,355,9,10,,,,,
F01_RD14-0003-27d3a-0.03125GF-Q0.9_06.15sec.hid,D5S818,11,12,18,,,,,,,,,136,413,6,,,,,,,,
F01_RD14-0003-27d3a-0.03125GF-Q0.9_06.15sec.hid,D7S820,10,11,12,13,8.3,,,,,,,21,368,27,396,10,,,,,,
F01_RD14-0003-27d3a-0.03125GF-Q0.9_06.15sec.hid,D8S1179,13,14,20,,,,,,,,,57,1034,6,,,,,,,,
F01_RD14-0003-27d3a-0.03125GF-Q0.9_06.15sec.hid,FGA,15,16.1,16.2,21.3,21,24,25,26,41.2,44.2,,5,4,6,3,4,34,440,269,4,12,
F01_RD14-0003-27d3a-0.03125GF-Q0.9_06.15sec.hid,SE33,15,16.2,16,23,25.2,26.2,26,27.2,28,30.2,35,259,9,11,12,44,578,24,13,12,7,8
F01_RD14-0003-27d3a-0.03125GF-Q0.9_06.15sec.hid,TH01,6,7,9.3,,,,,,,,,8,658,108,,,,,,,,
F01_RD14-0003-27d3a-0.03125GF-Q0.9_06.15sec.hid,TPOX,5,7,8,,,,,,,,,4,12,574,,,,,,,,
F01_RD14-0003-27d3a-0.03125GF-Q0.9_06.15sec.hid,vWA,16,17,18,,,,,,,,,198,14,109,,,,,,,,
F01_RD14-0003-27d3a-0.03125GF-Q0.9_06.15sec.hid,DYS391,10,,,,,,,,,,,109,,,,,,,,,,
F01_RD14-0003-27d3a-0.03125GF-Q0.9_06.15sec.hid,Yindel,2,,,,,,,,,,,200,,,,,,,,,,
