SampleName,Marker,Allele1,Allele2,Allele3,Allele4,Allele5,Allele6,Allele7,Allele8,Allele9,Allele10,Height1,Height2,Height3,Height4,Height5,Height6,Height7,Height8,Height9,Height10
G04_RD14-0003-41d4I22-0.03125GF-Q1.3_07.15sec.hid,AMEL,X,Y,,,,,,,,,120,366,,,,,,,,
G04_RD14-0003-41d4I22-0.03125GF-Q1.3_07.15sec.hid,CSF1PO,10,11,12,6,,,,,,,7,31,514,15,,,,,,
G04_RD14-0003-41d4I22-0.03125GF-Q1.3_07.15sec.hid,D10S1248,12,13,14,,,,,,,,285,63,434,,,,,,,
G04_RD14-0003-41d4I22-0.03125GF-Q1.3_07.15sec.hid,D12S391,14,18,19,,,,,,,,12,68,726,,,,,,,
G04_RD14-0003-41d4I22-0.03125GF-Q1.3_07.15sec.hid,D13S317,10,11,12,13,,,,,,,14,33,389,386,,,,,,
G04_RD14-0003-41d4I22-0.03125GF-Q1.3_07.15sec.hid,D16S539,10,11,8,9,,,,,,,18,382,23,362,,,,,,
G04_RD14-0003-41d4I22-0.03125GF-Q1.3_07.15sec.hid,D18S51,12,13,16,18,19,22,8,,,,40,805,21,55,411,15,18,,,
G04_RD14-0003-41d4I22-0.03125GF-Q1.3_07.15sec.hid,D19S433,12.2,13,15.2,16.2,18,8,,,,,5,130,19,136,11,7,,,,
G04_RD14-0003-41d4I22-0.03125GF-Q1.3_07.15sec.hid,D1S1656,13,14,15,18.3,,,,,,,16,67,494,11,,,,,,
G04_RD14-0003-41d4I22-0.03125GF-Q1.3_07.15sec.hid,D21S11,31,32.1,,,,,,,,,314,16,,,,,,,,
G04_RD14-0003-41d4I22-0.03125GF-Q1.3_07.15sec.hid,D22S1045,11,14,15,16,17,,,,,,15,47,658,24,9,,,,,
G04_RD14-0003-41d4I22-0.03125GF-Q1.3_07.15sec.hid,D2S1338,12,19,20,21,22,26,27,,,,13,25,241,46,544,17,13,,,
G04_RD14-0003-41d4I22-0.03125GF-Q1.3_07.15sec.hid,D2S441,10,11,14,15,16,,,,,,18,319,6,6,12,,,,,
G04_RD14-0003-41d4I22-0.03125GF-Q1.3_07.15sec.hid,D3S1358,15,16,17,8,,,,,,,58,623,551,12,,,,,,
G04_RD14-0003-41d4I22-0.03125GF-Q1.3_07.15sec.hid,D5S818,10,11,,,,,,,,,23,502,,,,,,,,
G04_RD14-0003-41d4I22-0.03125GF-Q1.3_07.15sec.hid,D7S820,10,11,,,,,,,,,41,586,,,,,,,,
G04_RD14-0003-41d4I22-0.03125GF-Q1.3_07.15sec.hid,D8S1179,12,13,14,,,,,,,,65,272,178,,,,,,,
G04_RD14-0003-41d4I22-0.03125GF-Q1.3_07.15sec.hid,FGA,13,20.1,21,22,25.2,25.3,26.1,26,27,29,8,6,19,154,6,7,7,12,86,7
G04_RD14-0003-41d4I22-0.03125GF-Q1.3_07.15sec.hid,SE33,12,13,14,20,21,32,35.2,9,,,9,42,690,115,91,8,7,14,,
G04_RD14-0003-41d4I22-0.03125GF-Q1.3_07.15sec.hid,TH01,7,9.3,,,,,,,,,206,7,,,,,,,,
G04_RD14-0003-41d4I22-0.03125GF-Q1.3_07.15sec.hid,TPOX,11,8,,,,,,,,,8,146,,,,,,,,
G04_RD14-0003-41d4I22-0.03125GF-Q1.3_07.15sec.hid,vWA,13,17,18,19,23,,,,,,9,30,267,191,6,,,,,
G04_RD14-0003-41d4I22-0.03125GF-Q1.3_07.15sec.hid,DYS391,10,11,12,,,,,,,,20,100,11,,,,,,,
G04_RD14-0003-41d4I22-0.03125GF-Q1.3_07.15sec.hid,Yindel,2,,,,,,,,,,475,,,,,,,,,
