SampleName,Marker,Allele1,Allele2,Allele3,Allele4,Allele5,Allele6,Allele7,Allele8,Allele9,Allele10,Allele11,Height1,Height2,Height3,Height4,Height5,Height6,Height7,Height8,Height9,Height10,Height11
B07_RD14-0003-34d3c-0.03125GF-Q0.8_02.15sec.hid,AMEL,X,Y,,,,,,,,,,866,377,,,,,,,,,
B07_RD14-0003-34d3c-0.03125GF-Q0.8_02.15sec.hid,CSF1PO,11,12,,,,,,,,,,391,176,,,,,,,,,
B07_RD14-0003-34d3c-0.03125GF-Q0.8_02.15sec.hid,D10S1248,13,14,,,,,,,,,,511,549,,,,,,,,,
B07_RD14-0003-34d3c-0.03125GF-Q0.8_02.15sec.hid,D12S391,14,16,17,18,19,20,,,,,,17,16,14,52,678,11,,,,,
B07_RD14-0003-34d3c-0.03125GF-Q0.8_02.15sec.hid,D13S317,10,11,7,,,,,,,,,27,578,7,,,,,,,,
B07_RD14-0003-34d3c-0.03125GF-Q0.8_02.15sec.hid,D16S539,11,12,7,8,,,,,,,,18,137,18,289,,,,,,,
B07_RD14-0003-34d3c-0.03125GF-Q0.8_02.15sec.hid,D18S51,14,16.2,19,21.2,21,,,,,,,255,20,288,14,17,,,,,,
B07_RD14-0003-34d3c-0.03125GF-Q0.8_02.15sec.hid,D19S433,12,13.2,13,,,,,,,,,30,250,378,,,,,,,,
B07_RD14-0003-34d3c-0.03125GF-Q0.8_02.15sec.hid,D1S1656,12,13,16.3,17.3,21,9,,,,,,53,850,58,957,18,10,,,,,
B07_RD14-0003-34d3c-0.03125GF-Q0.8_02.15sec.hid,D21S11,27,28,30.2,31.2,32.2,33,34.2,37.2,,,,32,389,63,403,25,14,21,12,,,
B07_RD14-0003-34d3c-0.03125GF-Q0.8_02.15sec.hid,D22S1045,11,17,18,,,,,,,,,309,38,370,,,,,,,,
B07_RD14-0003-34d3c-0.03125GF-Q0.8_02.15sec.hid,D2S1338,11,17,18,19,24.2,,,,,,,11,226,29,320,14,,,,,,
B07_RD14-0003-34d3c-0.03125GF-Q0.8_02.15sec.hid,D2S441,11,12,,,,,,,,,,315,479,,,,,,,,,
B07_RD14-0003-34d3c-0.03125GF-Q0.8_02.15sec.hid,D3S1358,12,14,15,,,,,,,,,7,60,846,,,,,,,,
B07_RD14-0003-34d3c-0.03125GF-Q0.8_02.15sec.hid,D5S818,11,12,13,14,,,,,,,,28,429,250,11,,,,,,,
B07_RD14-0003-34d3c-0.03125GF-Q0.8_02.15sec.hid,D7S820,13.1,7.3,8,9,,,,,,,,12,22,293,191,,,,,,,
B07_RD14-0003-34d3c-0.03125GF-Q0.8_02.15sec.hid,D8S1179,11,12,,,,,,,,,,200,588,,,,,,,,,
B07_RD14-0003-34d3c-0.03125GF-Q0.8_02.15sec.hid,FGA,22.3,23,24,25.1,29,32,46.2,,,,,5,33,402,7,8,7,7,,,,
B07_RD14-0003-34d3c-0.03125GF-Q0.8_02.15sec.hid,SE33,12,16.3,21.1,21,28.2,28,29,30,32,37.2,9,11,12,9,10,216,13,65,414,11,8,15
B07_RD14-0003-34d3c-0.03125GF-Q0.8_02.15sec.hid,TH01,6,8,9.3,,,,,,,,,6,124,36,,,,,,,,
B07_RD14-0003-34d3c-0.03125GF-Q0.8_02.15sec.hid,TPOX,11,12,6,,,,,,,,,204,120,8,,,,,,,,
B07_RD14-0003-34d3c-0.03125GF-Q0.8_02.15sec.hid,vWA,11,16,17,18,21,,,,,,,8,40,412,236,7,,,,,,
B07_RD14-0003-34d3c-0.03125GF-Q0.8_02.15sec.hid,DYS391,10,13,,,,,,,,,,419,22,,,,,,,,,
B07_RD14-0003-34d3c-0.03125GF-Q0.8_02.15sec.hid,Yindel,2,,,,,,,,,,,331,,,,,,,,,,
