SampleName,Marker,Allele1,Allele2,Allele3,Allele4,Allele5,Allele6,Allele7,Allele8,Allele9,Height1,Height2,Height3,Height4,Height5,Height6,Height7,Height8,Height9
C03_RD14-0003-40d4I35-0.03125GF-QLAND_03.15sec.hid,AMEL,X,Y,,,,,,,,153,121,,,,,,,
C03_RD14-0003-40d4I35-0.03125GF-QLAND_03.15sec.hid,CSF1PO,10.1,11,12,13,8,9,,,,26,10,133,8,175,9,,,
C03_RD14-0003-40d4I35-0.03125GF-QLAND_03.15sec.hid,D10S1248,12,13,14,,,,,,,53,685,301,,,,,,
C03_RD14-0003-40d4I35-0.03125GF-QLAND_03.15sec.hid,D12S391,16,17,22,,,,,,,25,441,70,,,,,,
C03_RD14-0003-40d4I35-0.03125GF-QLAND_03.15sec.hid,D13S317,11,12,,,,,,,,48,778,,,,,,,
C03_RD14-0003-40d4I35-0.03125GF-QLAND_03.15sec.hid,D16S539,12,13,8,9.3,,,,,,19,293,10,10,,,,,
C03_RD14-0003-40d4I35-0.03125GF-QLAND_03.15sec.hid,D18S51,12,13.1,15,20.2,23,,,,,328,12,227,12,16,,,,
C03_RD14-0003-40d4I35-0.03125GF-QLAND_03.15sec.hid,D19S433,10,11,13,16,6,9.2,,,,16,157,197,7,6,12,,,
C03_RD14-0003-40d4I35-0.03125GF-QLAND_03.15sec.hid,D1S1656,13,14,15,16.3,18.3,,,,,102,21,351,17,8,,,,
C03_RD14-0003-40d4I35-0.03125GF-QLAND_03.15sec.hid,D21S11,28,29,31.3,32.1,35.2,,,,,326,349,11,18,11,,,,
C03_RD14-0003-40d4I35-0.03125GF-QLAND_03.15sec.hid,D22S1045,10,12,16,,,,,,,246,150,11,,,,,,
C03_RD14-0003-40d4I35-0.03125GF-QLAND_03.15sec.hid,D2S1338,17,19,23,25,,,,,,13,164,11,339,,,,,
C03_RD14-0003-40d4I35-0.03125GF-QLAND_03.15sec.hid,D2S441,11,12,8,,,,,,,17,268,6,,,,,,
C03_RD14-0003-40d4I35-0.03125GF-QLAND_03.15sec.hid,D3S1358,14,15,17.1,17,,,,,,27,300,10,127,,,,,
C03_RD14-0003-40d4I35-0.03125GF-QLAND_03.15sec.hid,D5S818,11,12,13,17,,,,,,26,395,410,13,,,,,
C03_RD14-0003-40d4I35-0.03125GF-QLAND_03.15sec.hid,D7S820,11,12,8.1,9,,,,,,92,11,10,57,,,,,
C03_RD14-0003-40d4I35-0.03125GF-QLAND_03.15sec.hid,D8S1179,11,14,15,5,,,,,,12,99,357,23,,,,,
C03_RD14-0003-40d4I35-0.03125GF-QLAND_03.15sec.hid,FGA,15,16.1,21.2,26,28.2,28,34.2,,,5,9,10,88,3,67,7,,
C03_RD14-0003-40d4I35-0.03125GF-QLAND_03.15sec.hid,SE33,10,12,14,15,19,20,28,32.2,37,11,13,30,224,56,299,13,7,5
C03_RD14-0003-40d4I35-0.03125GF-QLAND_03.15sec.hid,TH01,6.3,7,8,,,,,,,9,22,406,,,,,,
C03_RD14-0003-40d4I35-0.03125GF-QLAND_03.15sec.hid,TPOX,10,11,12,6,8,,,,,11,17,95,5,172,,,,
C03_RD14-0003-40d4I35-0.03125GF-QLAND_03.15sec.hid,vWA,15,17,25,,,,,,,114,199,12,,,,,,
C03_RD14-0003-40d4I35-0.03125GF-QLAND_03.15sec.hid,DYS391,10,14,9,,,,,,,140,10,24,,,,,,
C03_RD14-0003-40d4I35-0.03125GF-QLAND_03.15sec.hid,Yindel,2,,,,,,,,,311,,,,,,,,
