SampleName,Marker,Allele1,Allele2,Allele3,Allele4,Allele5,Allele6,Allele7,Allele8,Allele9,Allele10,Height1,Height2,Height3,Height4,Height5,Height6,Height7,Height8,Height9,Height10
D11_RD14-0003-48d3S2-0.03125GF-Q0.5_04.15sec.hid,AMEL,X,Y,,,,,,,,,507,293,,,,,,,,
D11_RD14-0003-48d3S2-0.03125GF-Q0.5_04.15sec.hid,CSF1PO,10,9,,,,,,,,,220,20,,,,,,,,
D11_RD14-0003-48d3S2-0.03125GF-Q0.5_04.15sec.hid,D10S1248,12,13,15,16,17,8,,,,,38,525,42,621,19,16,,,,
D11_RD14-0003-48d3S2-0.03125GF-Q0.5_04.15sec.hid,D12S391,17,18,19.1,19,24,25,27,,,,125,10,15,7,29,189,30,,,
D11_RD14-0003-48d3S2-0.03125GF-Q0.5_04.15sec.hid,D13S317,11,12,,,,,,,,,206,69,,,,,,,,
D11_RD14-0003-48d3S2-0.03125GF-Q0.5_04.15sec.hid,D16S539,13.3,13,9,,,,,,,,9,109,141,,,,,,,
D11_RD14-0003-48d3S2-0.03125GF-Q0.5_04.15sec.hid,D18S51,11,12,16,17,19,21,23.2,24,25,28,16,267,24,218,8,13,11,19,18,10
D11_RD14-0003-48d3S2-0.03125GF-Q0.5_04.15sec.hid,D19S433,10,11,13,14,15,7,,,,,4,8,24,258,170,7,,,,
D11_RD14-0003-48d3S2-0.03125GF-Q0.5_04.15sec.hid,D1S1656,12,13,14,15.3,19.3,,,,,,29,323,711,11,12,,,,,
D11_RD14-0003-48d3S2-0.03125GF-Q0.5_04.15sec.hid,D21S11,24.3,27.2,29,30.2,31.2,32.2,34,37,,,17,20,240,21,278,11,18,20,,
D11_RD14-0003-48d3S2-0.03125GF-Q0.5_04.15sec.hid,D22S1045,12,13,14,15,,,,,,,16,20,421,280,,,,,,
D11_RD14-0003-48d3S2-0.03125GF-Q0.5_04.15sec.hid,D2S1338,16,17,20,23,24.2,24,25,,,,18,281,14,13,11,69,224,,,
D11_RD14-0003-48d3S2-0.03125GF-Q0.5_04.15sec.hid,D2S441,10,11,,,,,,,,,386,304,,,,,,,,
D11_RD14-0003-48d3S2-0.03125GF-Q0.5_04.15sec.hid,D3S1358,10,14,15,17,18,9,,,,,10,39,345,20,244,14,,,,
D11_RD14-0003-48d3S2-0.03125GF-Q0.5_04.15sec.hid,D5S818,12,13,14,6,,,,,,,67,23,297,11,,,,,,
D11_RD14-0003-48d3S2-0.03125GF-Q0.5_04.15sec.hid,D7S820,10,8,9.2,9,,,,,,,357,336,7,29,,,,,,
D11_RD14-0003-48d3S2-0.03125GF-Q0.5_04.15sec.hid,D8S1179,13,14,15,20,6,,,,,,31,343,15,18,12,,,,,
D11_RD14-0003-48d3S2-0.03125GF-Q0.5_04.15sec.hid,FGA,18,19,22.3,23.2,27,47.2,,,,,11,119,9,7,186,4,,,,
D11_RD14-0003-48d3S2-0.03125GF-Q0.5_04.15sec.hid,SE33,19.2,23.2,28.2,29.2,35,37.2,37,,,,10,11,37,199,9,13,11,,,
D11_RD14-0003-48d3S2-0.03125GF-Q0.5_04.15sec.hid,TH01,13.3,7,8,9,,,,,,,4,69,9,103,,,,,,
D11_RD14-0003-48d3S2-0.03125GF-Q0.5_04.15sec.hid,TPOX,8,9,,,,,,,,,73,164,,,,,,,,
D11_RD14-0003-48d3S2-0.03125GF-Q0.5_04.15sec.hid,vWA,10,15,16,17,21,,,,,,7,23,335,242,6,,,,,
D11_RD14-0003-48d3S2-0.03125GF-Q0.5_04.15sec.hid,DYS391,10,,,,,,,,,,77,,,,,,,,,
D11_RD14-0003-48d3S2-0.03125GF-Q0.5_04.15sec.hid,Yindel,2,,,,,,,,,,622,,,,,,,,,
