SampleName,Marker,Allele1,Allele2,Allele3,Allele4,Allele5,Allele6,Allele7,Allele8,Allele9,Height1,Height2,Height3,Height4,Height5,Height6,Height7,Height8,Height9
F01_RD14-0003-47d4I15-0.03125GF-Q0.9_06.15sec.hid,AMEL,X,Y,,,,,,,,518,491,,,,,,,
F01_RD14-0003-47d4I15-0.03125GF-Q0.9_06.15sec.hid,CSF1PO,11,12,16,,,,,,,22,269,5,,,,,,
F01_RD14-0003-47d4I15-0.03125GF-Q0.9_06.15sec.hid,D10S1248,10,11,12,13,,,,,,20,9,29,542,,,,,
F01_RD14-0003-47d4I15-0.03125GF-Q0.9_06.15sec.hid,D12S391,17,18,21,22,27,,,,,27,270,38,445,6,,,,
F01_RD14-0003-47d4I15-0.03125GF-Q0.9_06.15sec.hid,D13S317,11,12,7.1,,,,,,,21,283,10,,,,,,
F01_RD14-0003-47d4I15-0.03125GF-Q0.9_06.15sec.hid,D16S539,11,12.1,12,5,,,,,,112,9,120,6,,,,,
F01_RD14-0003-47d4I15-0.03125GF-Q0.9_06.15sec.hid,D18S51,12,13,14.2,14,15,16.1,,,,18,258,10,25,111,15,,,
F01_RD14-0003-47d4I15-0.03125GF-Q0.9_06.15sec.hid,D19S433,13,14.2,18,5.2,8,,,,,78,44,5,7,4,,,,
F01_RD14-0003-47d4I15-0.03125GF-Q0.9_06.15sec.hid,D1S1656,11,13,15,16,19,20,,,,11,230,23,181,13,10,,,
F01_RD14-0003-47d4I15-0.03125GF-Q0.9_06.15sec.hid,D21S11,25,26,27,29,30,32.3,33,36.2,38,14,19,124,20,173,16,6,15,16
F01_RD14-0003-47d4I15-0.03125GF-Q0.9_06.15sec.hid,D22S1045,11,14,,,,,,,,85,11,,,,,,,
F01_RD14-0003-47d4I15-0.03125GF-Q0.9_06.15sec.hid,D2S1338,12,13,23.2,23,25,,,,,8,10,7,226,4,,,,
F01_RD14-0003-47d4I15-0.03125GF-Q0.9_06.15sec.hid,D2S441,10,11,,,,,,,,17,302,,,,,,,
F01_RD14-0003-47d4I15-0.03125GF-Q0.9_06.15sec.hid,D3S1358,13,14,21,,,,,,,26,360,8,,,,,,
F01_RD14-0003-47d4I15-0.03125GF-Q0.9_06.15sec.hid,D5S818,11,12,13,16,7,,,,,24,359,83,5,6,,,,
F01_RD14-0003-47d4I15-0.03125GF-Q0.9_06.15sec.hid,D7S820,10.3,10,7,9,,,,,,7,257,9,21,,,,,
F01_RD14-0003-47d4I15-0.03125GF-Q0.9_06.15sec.hid,D8S1179,13,17,9,,,,,,,324,13,9,,,,,,
F01_RD14-0003-47d4I15-0.03125GF-Q0.9_06.15sec.hid,FGA,13,16.1,20.1,20,21,22,23,24,45.2,7,6,3,11,132,47,7,8,7
F01_RD14-0003-47d4I15-0.03125GF-Q0.9_06.15sec.hid,SE33,15,16,17,23.2,28.2,29.2,33.2,35.2,,48,425,10,4,77,12,9,6,
F01_RD14-0003-47d4I15-0.03125GF-Q0.9_06.15sec.hid,TH01,6,9.3,9,,,,,,,98,3,107,,,,,,
F01_RD14-0003-47d4I15-0.03125GF-Q0.9_06.15sec.hid,TPOX,10,12,14,6,8,,,,,46,9,6,5,23,,,,
F01_RD14-0003-47d4I15-0.03125GF-Q0.9_06.15sec.hid,vWA,12,16,18,20,25,,,,,3,75,106,6,7,,,,
F01_RD14-0003-47d4I15-0.03125GF-Q0.9_06.15sec.hid,DYS391,10,,,,,,,,,298,,,,,,,,
F01_RD14-0003-47d4I15-0.03125GF-Q0.9_06.15sec.hid,Yindel,2,,,,,,,,,158,,,,,,,,
