SampleName,Marker,Allele1,Allele2,Allele3,Allele4,Allele5,Allele6,Allele7,Allele8,Height1,Height2,Height3,Height4,Height5,Height6,Height7,Height8
F01_RD14-0003-37d3a-0.03125GF-Q0.8_06.15sec.hid,AMEL,X,Y,,,,,,,252,30,,,,,,
F01_RD14-0003-37d3a-0.03125GF-Q0.8_06.15sec.hid,CSF1PO,10,11,12,8,,,,,71,7,98,3,,,,
F01_RD14-0003-37d3a-0.03125GF-Q0.8_06.15sec.hid,D10S1248,12,13,,,,,,,155,199,,,,,,
F01_RD14-0003-37d3a-0.03125GF-Q0.8_06.15sec.hid,D12S391,19,20,23,24,,,,,27,155,19,102,,,,
F01_RD14-0003-37d3a-0.03125GF-Q0.8_06.15sec.hid,D13S317,11,14,8,9,,,,,26,11,10,373,,,,
F01_RD14-0003-37d3a-0.03125GF-Q0.8_06.15sec.hid,D16S539,11,12,13.3,8,,,,,79,104,5,10,,,,
F01_RD14-0003-37d3a-0.03125GF-Q0.8_06.15sec.hid,D18S51,15,16,17,19,9,,,,195,32,268,8,19,,,
F01_RD14-0003-37d3a-0.03125GF-Q0.8_06.15sec.hid,D19S433,10.2,12.2,12,13,14,17,19,8,5,6,20,266,219,6,4,4
F01_RD14-0003-37d3a-0.03125GF-Q0.8_06.15sec.hid,D1S1656,11,12,14,15,19,,,,19,252,17,424,14,,,
F01_RD14-0003-37d3a-0.03125GF-Q0.8_06.15sec.hid,D21S11,27.2,29,31.2,33,,,,,19,130,179,22,,,,
F01_RD14-0003-37d3a-0.03125GF-Q0.8_06.15sec.hid,D22S1045,14,15,16,17,,,,,21,262,132,23,,,,
F01_RD14-0003-37d3a-0.03125GF-Q0.8_06.15sec.hid,D2S1338,18,20,,,,,,,325,402,,,,,,
F01_RD14-0003-37d3a-0.03125GF-Q0.8_06.15sec.hid,D2S441,10,14,,,,,,,179,190,,,,,,
F01_RD14-0003-37d3a-0.03125GF-Q0.8_06.15sec.hid,D3S1358,13,14,15,17.1,20.1,,,,16,178,177,6,13,,,
F01_RD14-0003-37d3a-0.03125GF-Q0.8_06.15sec.hid,D5S818,11.1,11,12.1,12,6,,,,21,117,34,343,7,,,
F01_RD14-0003-37d3a-0.03125GF-Q0.8_06.15sec.hid,D7S820,11,13.1,8,,,,,,45,8,214,,,,,
F01_RD14-0003-37d3a-0.03125GF-Q0.8_06.15sec.hid,D8S1179,10,12,13,19,,,,,17,34,507,17,,,,
F01_RD14-0003-37d3a-0.03125GF-Q0.8_06.15sec.hid,FGA,15,18.2,21,22,24.3,31.2,49.2,,5,5,19,321,8,6,8,
F01_RD14-0003-37d3a-0.03125GF-Q0.8_06.15sec.hid,SE33,10,13,17,18,19,20,21.1,24,6,8,55,252,280,90,11,13
F01_RD14-0003-37d3a-0.03125GF-Q0.8_06.15sec.hid,TH01,10,6,7,,,,,,7,186,224,,,,,
F01_RD14-0003-37d3a-0.03125GF-Q0.8_06.15sec.hid,TPOX,12,14,16,8,,,,,62,5,8,121,,,,
F01_RD14-0003-37d3a-0.03125GF-Q0.8_06.15sec.hid,vWA,16,18,,,,,,,133,83,,,,,,
F01_RD14-0003-37d3a-0.03125GF-Q0.8_06.15sec.hid,DYS391,11,,,,,,,,247,,,,,,,
F01_RD14-0003-37d3a-0.03125GF-Q0.8_06.15sec.hid,Yindel,2,,,,,,,,376,,,,,,,
