SampleName,Marker,Allele1,Allele2,Allele3,Allele4,Allele5,Allele6,Allele7,Allele8,Allele9,Allele10,Allele11,Height1,Height2,Height3,Height4,Height5,Height6,Height7,Height8,Height9,Height10,Height11
F02_RD14-0003-08d3S10-0.03125GF-Q2.5_06.15sec.hid,AMEL,X,Y,,,,,,,,,,172,226,,,,,,,,,
F02_RD14-0003-08d3S10-0.03125GF-Q2.5_06.15sec.hid,CSF1PO,10,12,,,,,,,,,,16,20,,,,,,,,,
F02_RD14-0003-08d3S10-0.03125GF-Q2.5_06.15sec.hid,D10S1248,14,15,16,,,,,,,,,20,18,62,,,,,,,,
F02_RD14-0003-08d3S10-0.03125GF-Q2.5_06.15sec.hid,D12S391,20,23,,,,,,,,,,17,12,,,,,,,,,
F02_RD14-0003-08d3S10-0.03125GF-Q2.5_06.15sec.hid,D13S317,12,14,8,9,,,,,,,,36,12,41,12,,,,,,,
F02_RD14-0003-08d3S10-0.03125GF-Q2.5_06.15sec.hid,D16S539,10,12,13,4,8.3,,,,,,,4,18,21,7,5,,,,,,
F02_RD14-0003-08d3S10-0.03125GF-Q2.5_06.15sec.hid,D18S51,12,13,14,15.3,17.2,17.3,18.1,22,26,7,8,54,9,83,7,6,6,9,4,8,13,13
F02_RD14-0003-08d3S10-0.03125GF-Q2.5_06.15sec.hid,D19S433,13,14,15,18.2,9.2,,,,,,,5,55,76,4,3,,,,,,
F02_RD14-0003-08d3S10-0.03125GF-Q2.5_06.15sec.hid,D1S1656,15.3,16,20.3,,,,,,,,,138,34,10,,,,,,,,
F02_RD14-0003-08d3S10-0.03125GF-Q2.5_06.15sec.hid,D21S11,29,31.1,31,33,,,,,,,,29,11,19,7,,,,,,,
F02_RD14-0003-08d3S10-0.03125GF-Q2.5_06.15sec.hid,D22S1045,16,17,19,,,,,,,,,57,69,8,,,,,,,,
F02_RD14-0003-08d3S10-0.03125GF-Q2.5_06.15sec.hid,D2S1338,17,20,24,,,,,,,,,95,31,8,,,,,,,,
F02_RD14-0003-08d3S10-0.03125GF-Q2.5_06.15sec.hid,D2S441,10,11,,,,,,,,,,8,61,,,,,,,,,
F02_RD14-0003-08d3S10-0.03125GF-Q2.5_06.15sec.hid,D3S1358,14,15,17,,,,,,,,,73,139,6,,,,,,,,
F02_RD14-0003-08d3S10-0.03125GF-Q2.5_06.15sec.hid,D5S818,10,11,12,13,19,,,,,,,11,53,12,51,9,,,,,,
F02_RD14-0003-08d3S10-0.03125GF-Q2.5_06.15sec.hid,D7S820,11.1,11.3,6.3,,,,,,,,,8,9,11,,,,,,,,
F02_RD14-0003-08d3S10-0.03125GF-Q2.5_06.15sec.hid,D8S1179,12.3,13,14,5,8,9,,,,,,4,83,93,7,13,9,,,,,
F02_RD14-0003-08d3S10-0.03125GF-Q2.5_06.15sec.hid,FGA,16.2,20.1,23,24,27.2,32.2,49.2,,,,,4,6,43,74,3,3,6,,,,
F02_RD14-0003-08d3S10-0.03125GF-Q2.5_06.15sec.hid,SE33,12.2,15.3,28.2,33.2,37,8.2,,,,,,4,10,9,10,10,10,,,,,
F02_RD14-0003-08d3S10-0.03125GF-Q2.5_06.15sec.hid,TH01,9,,,,,,,,,,,81,,,,,,,,,,
F02_RD14-0003-08d3S10-0.03125GF-Q2.5_06.15sec.hid,TPOX,16,8,,,,,,,,,,5,20,,,,,,,,,
F02_RD14-0003-08d3S10-0.03125GF-Q2.5_06.15sec.hid,vWA,13,14,15,19,20,,,,,,,5,76,5,32,5,,,,,,
F02_RD14-0003-08d3S10-0.03125GF-Q2.5_06.15sec.hid,DYS391,9,,,,,,,,,,,44,,,,,,,,,,
F02_RD14-0003-08d3S10-0.03125GF-Q2.5_06.15sec.hid,Yindel,1,2,,,,,,,,,,13,162,,,,,,,,,
