SampleName,Marker,Allele1,Allele2,Allele3,Allele4,Allele5,Allele6,Allele7,Height1,Height2,Height3,Height4,Height5,Height6,Height7
F10_RD14-0003-46d4I35-0.03125GF-QLAND_06.15sec.hid,AMEL,X,Y,,,,,,279,307,,,,,
F10_RD14-0003-46d4I35-0.03125GF-QLAND_06.15sec.hid,CSF1PO,10,11,12,7,8.1,9.1,9,56,94,6,8,9,9,13
F10_RD14-0003-46d4I35-0.03125GF-QLAND_06.15sec.hid,D10S1248,14,16,17,,,,,305,29,265,,,,
F10_RD14-0003-46d4I35-0.03125GF-QLAND_06.15sec.hid,D12S391,18,24.3,,,,,,105,16,,,,,
F10_RD14-0003-46d4I35-0.03125GF-QLAND_06.15sec.hid,D13S317,10,11,12,,,,,7,27,362,,,,
F10_RD14-0003-46d4I35-0.03125GF-QLAND_06.15sec.hid,D16S539,12.1,12,16,5,,,,10,178,12,13,,,
F10_RD14-0003-46d4I35-0.03125GF-QLAND_06.15sec.hid,D18S51,11.2,13,18,,,,,22,137,244,,,,
F10_RD14-0003-46d4I35-0.03125GF-QLAND_06.15sec.hid,D19S433,10,11,12,13,14,17,6.2,105,8,14,184,5,10,10
F10_RD14-0003-46d4I35-0.03125GF-QLAND_06.15sec.hid,D1S1656,11,12,8,,,,,36,604,9,,,,
F10_RD14-0003-46d4I35-0.03125GF-QLAND_06.15sec.hid,D21S11,29.2,30.2,30,31.1,31,32.2,,28,15,17,11,82,18,
F10_RD14-0003-46d4I35-0.03125GF-QLAND_06.15sec.hid,D22S1045,11,12,14,19,9,,,322,21,94,6,11,,
F10_RD14-0003-46d4I35-0.03125GF-QLAND_06.15sec.hid,D2S1338,15,18.3,21,24,25,,,12,7,16,46,241,,
F10_RD14-0003-46d4I35-0.03125GF-QLAND_06.15sec.hid,D2S441,10,11.3,,,,,,4,157,,,,,
F10_RD14-0003-46d4I35-0.03125GF-QLAND_06.15sec.hid,D3S1358,14,15,16,,,,,157,131,11,,,,
F10_RD14-0003-46d4I35-0.03125GF-QLAND_06.15sec.hid,D5S818,10.1,10,11,,,,,11,14,154,,,,
F10_RD14-0003-46d4I35-0.03125GF-QLAND_06.15sec.hid,D7S820,12,13,9,,,,,258,16,66,,,,
F10_RD14-0003-46d4I35-0.03125GF-QLAND_06.15sec.hid,D8S1179,10,11,12,14,16,,,18,172,18,78,17,,
F10_RD14-0003-46d4I35-0.03125GF-QLAND_06.15sec.hid,FGA,24,25,26,45.2,47.2,,,13,113,43,5,6,,
F10_RD14-0003-46d4I35-0.03125GF-QLAND_06.15sec.hid,SE33,12,18,28.2,,,,,16,65,69,,,,
F10_RD14-0003-46d4I35-0.03125GF-QLAND_06.15sec.hid,TH01,7,9,,,,,,161,74,,,,,
F10_RD14-0003-46d4I35-0.03125GF-QLAND_06.15sec.hid,TPOX,5,8,,,,,,7,353,,,,,
F10_RD14-0003-46d4I35-0.03125GF-QLAND_06.15sec.hid,vWA,16,,,,,,,245,,,,,,
F10_RD14-0003-46d4I35-0.03125GF-QLAND_06.15sec.hid,DYS391,10,11,14,,,,,31,216,11,,,,
F10_RD14-0003-46d4I35-0.03125GF-QLAND_06.15sec.hid,Yindel,2,,,,,,,375,,,,,,
