SampleName,Marker,Allele1,Allele2,Allele3,Allele4,Allele5,Allele6,Allele7,Allele8,Allele9,Allele10,Height1,Height2,Height3,Height4,Height5,Height6,Height7,Height8,Height9,Height10
G03_RD14-0003-29d3d-0.03125GF-Q5.7_07.15sec.hid,AMEL,Y,,,,,,,,,,62,,,,,,,,,
G03_RD14-0003-29d3d-0.03125GF-Q5.7_07.15sec.hid,CSF1PO,10.3,14,,,,,,,,,4,3,,,,,,,,
G03_RD14-0003-29d3d-0.03125GF-Q5.7_07.15sec.hid,D10S1248,12,13,,,,,,,,,20,356,,,,,,,,
G03_RD14-0003-29d3d-0.03125GF-Q5.7_07.15sec.hid,D12S391,17.1,18.3,24.3,24,,,,,,,8,8,2,12,,,,,,
G03_RD14-0003-29d3d-0.03125GF-Q5.7_07.15sec.hid,D13S317,13,,,,,,,,,,5,,,,,,,,,
G03_RD14-0003-29d3d-0.03125GF-Q5.7_07.15sec.hid,D16S539,11,,,,,,,,,,27,,,,,,,,,
G03_RD14-0003-29d3d-0.03125GF-Q5.7_07.15sec.hid,D18S51,10.2,13,19.2,9,,,,,,,8,64,18,10,,,,,,
G03_RD14-0003-29d3d-0.03125GF-Q5.7_07.15sec.hid,D19S433,13,14,15,17.2,6,,,,,,12,91,86,4,4,,,,,
G03_RD14-0003-29d3d-0.03125GF-Q5.7_07.15sec.hid,D1S1656,14,15,,,,,,,,,9,64,,,,,,,,
G03_RD14-0003-29d3d-0.03125GF-Q5.7_07.15sec.hid,D21S11,28.1,28.3,31.2,34,38.2,,,,,,5,13,54,5,7,,,,,
G03_RD14-0003-29d3d-0.03125GF-Q5.7_07.15sec.hid,D22S1045,11,16,17,18,,,,,,,12,76,122,13,,,,,,
G03_RD14-0003-29d3d-0.03125GF-Q5.7_07.15sec.hid,D2S1338,27,,,,,,,,,,10,,,,,,,,,
G03_RD14-0003-29d3d-0.03125GF-Q5.7_07.15sec.hid,D2S441,10,13,14,15,,,,,,,283,8,7,6,,,,,,
G03_RD14-0003-29d3d-0.03125GF-Q5.7_07.15sec.hid,D3S1358,13,15.2,17.2,17,18,,,,,,6,8,3,21,205,,,,,
G03_RD14-0003-29d3d-0.03125GF-Q5.7_07.15sec.hid,D5S818,13,18,19,7,,,,,,,108,7,11,5,,,,,,
G03_RD14-0003-29d3d-0.03125GF-Q5.7_07.15sec.hid,D7S820,12.1,12,15,16,7,8.3,,,,,6,85,10,11,11,6,,,,
G03_RD14-0003-29d3d-0.03125GF-Q5.7_07.15sec.hid,D8S1179,11,12,15,,,,,,,,14,134,205,,,,,,,
G03_RD14-0003-29d3d-0.03125GF-Q5.7_07.15sec.hid,FGA,13,19.2,19.3,20.3,23,24,31.2,34.2,43.2,46.2,10,6,4,4,113,82,3,9,5,4
G03_RD14-0003-29d3d-0.03125GF-Q5.7_07.15sec.hid,SE33,11,13.2,14.2,18,21.1,24,25.2,25,35.2,8,6,8,11,90,11,7,37,10,7,7
G03_RD14-0003-29d3d-0.03125GF-Q5.7_07.15sec.hid,TH01,8,9,,,,,,,,,62,5,,,,,,,,
G03_RD14-0003-29d3d-0.03125GF-Q5.7_07.15sec.hid,TPOX,10,13,9,,,,,,,,58,5,18,,,,,,,
G03_RD14-0003-29d3d-0.03125GF-Q5.7_07.15sec.hid,vWA,19,20,,,,,,,,,38,2,,,,,,,,
G03_RD14-0003-29d3d-0.03125GF-Q5.7_07.15sec.hid,DYS391,7,,,,,,,,,,10,,,,,,,,,
G03_RD14-0003-29d3d-0.03125GF-Q5.7_07.15sec.hid,Yindel,2,,,,,,,,,,69,,,,,,,,,
