SampleName,Marker,Allele1,Allele2,Allele3,Allele4,Allele5,Allele6,Allele7,Allele8,Height1,Height2,Height3,Height4,Height5,Height6,Height7,Height8
G03_RD14-0003-35d3-30-0.03125GF-Q3.7_07.15sec.hid,AMEL,X,Y,,,,,,,99,307,,,,,,
G03_RD14-0003-35d3-30-0.03125GF-Q3.7_07.15sec.hid,CSF1PO,10,12,13,,,,,,38,119,4,,,,,
G03_RD14-0003-35d3-30-0.03125GF-Q3.7_07.15sec.hid,D10S1248,11,12,13,15,16,19,,,13,38,614,238,11,9,,
G03_RD14-0003-35d3-30-0.03125GF-Q3.7_07.15sec.hid,D12S391,18,19,20.1,,,,,,28,346,11,,,,,
G03_RD14-0003-35d3-30-0.03125GF-Q3.7_07.15sec.hid,D13S317,10,11,12,,,,,,12,188,127,,,,,
G03_RD14-0003-35d3-30-0.03125GF-Q3.7_07.15sec.hid,D16S539,11,8,9,,,,,,34,5,118,,,,,
G03_RD14-0003-35d3-30-0.03125GF-Q3.7_07.15sec.hid,D18S51,12.3,12,19,20,21.2,23.2,,,15,314,23,224,18,9,,
G03_RD14-0003-35d3-30-0.03125GF-Q3.7_07.15sec.hid,D19S433,11,15.2,15,16.2,17.2,9,,,93,18,3,178,8,6,,
G03_RD14-0003-35d3-30-0.03125GF-Q3.7_07.15sec.hid,D1S1656,12,13,14,16.3,16,17.1,20,21,345,21,235,15,18,12,14,8
G03_RD14-0003-35d3-30-0.03125GF-Q3.7_07.15sec.hid,D21S11,23.2,25,28,29.2,30,31,,,12,16,164,12,159,16,,
G03_RD14-0003-35d3-30-0.03125GF-Q3.7_07.15sec.hid,D22S1045,16,17,18,9,,,,,76,634,27,12,,,,
G03_RD14-0003-35d3-30-0.03125GF-Q3.7_07.15sec.hid,D2S1338,13,21,24,25,27,29,,,10,6,21,193,13,10,,
G03_RD14-0003-35d3-30-0.03125GF-Q3.7_07.15sec.hid,D2S441,10,11,13,14,,,,,15,234,14,345,,,,
G03_RD14-0003-35d3-30-0.03125GF-Q3.7_07.15sec.hid,D3S1358,15,16,17,20,,,,,85,29,389,5,,,,
G03_RD14-0003-35d3-30-0.03125GF-Q3.7_07.15sec.hid,D5S818,12,,,,,,,,301,,,,,,,
G03_RD14-0003-35d3-30-0.03125GF-Q3.7_07.15sec.hid,D7S820,10.3,12,9,,,,,,11,51,105,,,,,
G03_RD14-0003-35d3-30-0.03125GF-Q3.7_07.15sec.hid,D8S1179,10,14,15,17,19,5,,,119,16,96,19,12,11,,
G03_RD14-0003-35d3-30-0.03125GF-Q3.7_07.15sec.hid,FGA,13,14,18.2,19.2,20.2,31.2,,,6,5,10,59,4,2,,
G03_RD14-0003-35d3-30-0.03125GF-Q3.7_07.15sec.hid,SE33,12.2,20,21,23,26.2,35,6,,8,12,9,7,136,8,6,
G03_RD14-0003-35d3-30-0.03125GF-Q3.7_07.15sec.hid,TH01,7,8.3,8,,,,,,55,3,119,,,,,
G03_RD14-0003-35d3-30-0.03125GF-Q3.7_07.15sec.hid,TPOX,11,,,,,,,,33,,,,,,,
G03_RD14-0003-35d3-30-0.03125GF-Q3.7_07.15sec.hid,vWA,12,15,16,17,,,,,8,13,106,284,,,,
G03_RD14-0003-35d3-30-0.03125GF-Q3.7_07.15sec.hid,DYS391,,,,,,,,,,,,,,,,
G03_RD14-0003-35d3-30-0.03125GF-Q3.7_07.15sec.hid,Yindel,2,,,,,,,,656,,,,,,,
