SampleName,Marker,Allele1,Allele2,Allele3,Allele4,Allele5,Allele6,Allele7,Allele8,Allele9,Height1,Height2,Height3,Height4,Height5,Height6,Height7,Height8,Height9
G08_RD14-0003-42d2-45-0.03125GF-Q2.7_07.15sec.hid,AMEL,X,,,,,,,,,1145,,,,,,,,
G08_RD14-0003-42d2-45-0.03125GF-Q2.7_07.15sec.hid,CSF1PO,10.2,,,,,,,,,9,,,,,,,,
G08_RD14-0003-42d2-45-0.03125GF-Q2.7_07.15sec.hid,D10S1248,11,12,15,9,,,,,,26,518,312,12,,,,,
G08_RD14-0003-42d2-45-0.03125GF-Q2.7_07.15sec.hid,D12S391,13,17,18,26,,,,,,11,75,66,9,,,,,
G08_RD14-0003-42d2-45-0.03125GF-Q2.7_07.15sec.hid,D13S317,12,13,,,,,,,,140,97,,,,,,,
G08_RD14-0003-42d2-45-0.03125GF-Q2.7_07.15sec.hid,D16S539,12.1,12,5,8,9,,,,,11,87,3,6,63,,,,
G08_RD14-0003-42d2-45-0.03125GF-Q2.7_07.15sec.hid,D18S51,11,13.2,17,18,27,,,,,16,10,131,206,10,,,,
G08_RD14-0003-42d2-45-0.03125GF-Q2.7_07.15sec.hid,D19S433,10,11,14.2,14,,,,,,8,8,266,48,,,,,
G08_RD14-0003-42d2-45-0.03125GF-Q2.7_07.15sec.hid,D1S1656,10,11,12,15,19.3,20.3,,,,28,83,11,50,10,15,,,
G08_RD14-0003-42d2-45-0.03125GF-Q2.7_07.15sec.hid,D21S11,28.3,30,31.2,31.3,37,,,,,10,46,105,13,11,,,,
G08_RD14-0003-42d2-45-0.03125GF-Q2.7_07.15sec.hid,D22S1045,11,12,15,18,,,,,,248,11,214,4,,,,,
G08_RD14-0003-42d2-45-0.03125GF-Q2.7_07.15sec.hid,D2S1338,22,,,,,,,,,260,,,,,,,,
G08_RD14-0003-42d2-45-0.03125GF-Q2.7_07.15sec.hid,D2S441,11,12,13,16,,,,,,319,370,23,13,,,,,
G08_RD14-0003-42d2-45-0.03125GF-Q2.7_07.15sec.hid,D3S1358,14,15,16,19,,,,,,20,179,239,9,,,,,
G08_RD14-0003-42d2-45-0.03125GF-Q2.7_07.15sec.hid,D5S818,11,12,13,7,,,,,,19,271,264,7,,,,,
G08_RD14-0003-42d2-45-0.03125GF-Q2.7_07.15sec.hid,D7S820,10,11.1,11,,,,,,,12,9,53,,,,,,
G08_RD14-0003-42d2-45-0.03125GF-Q2.7_07.15sec.hid,D8S1179,11,12,14,,,,,,,29,276,126,,,,,,
G08_RD14-0003-42d2-45-0.03125GF-Q2.7_07.15sec.hid,FGA,16.1,20,21,26.1,32.2,45.2,,,,4,35,136,7,4,10,,,
G08_RD14-0003-42d2-45-0.03125GF-Q2.7_07.15sec.hid,SE33,16.3,20.2,21.2,26.2,26,29,38,7,8.2,7,10,18,5,6,13,5,6,5
G08_RD14-0003-42d2-45-0.03125GF-Q2.7_07.15sec.hid,TH01,7,9.3,9,,,,,,,4,107,148,,,,,,
G08_RD14-0003-42d2-45-0.03125GF-Q2.7_07.15sec.hid,TPOX,10,14,5,8,,,,,,123,6,8,46,,,,,
G08_RD14-0003-42d2-45-0.03125GF-Q2.7_07.15sec.hid,vWA,17,23,,,,,,,,64,12,,,,,,,
G08_RD14-0003-42d2-45-0.03125GF-Q2.7_07.15sec.hid,DYS391,12,6,8,,,,,,,20,11,14,,,,,,
G08_RD14-0003-42d2-45-0.03125GF-Q2.7_07.15sec.hid,Yindel,,,,,,,,,,,,,,,,,,
